mysql> use sys;
Database changed
mysql> create table movies(name varchar(20),year int(5),daoyan varchar(20),grade int(5));
Query OK, 0 rows affected (0.11 sec)

mysql> desc movies;
+--------+-------------+------+-----+---------+-------+
| Field  | Type        | Null | Key | Default | Extra |
+--------+-------------+------+-----+---------+-------+
| name   | varchar(20) | YES  |     | NULL    |       |
| year   | int(5)      | YES  |     | NULL    |       |
| daoyan | varchar(20) | YES  |     | NULL    |       |
| grade  | int(5)      | YES  |     | NULL    |       |
+--------+-------------+------+-----+---------+-------+
4 rows in set (0.00 sec)

mysql> insert into movies(name,year,daoyan,grade)
    -> values("yichuhaoxi","2018","huangbo","8"),
    -> ("honghaixingdong","2018","lingchaoxian","9"),
    -> ("zhanlang","2017","wujing","9");
Query OK, 3 rows affected (0.01 sec)
Records: 3  Duplicates: 0  Warnings: 0

mysql> select * from movies where name like "%chu%";
+------------+------+---------+-------+
| name       | year | daoyan  | grade |
+------------+------+---------+-------+
| yichuhaoxi | 2018 | huangbo |     8 |
+------------+------+---------+-------+
1 row in set (0.00 sec)

mysql> select * from movies where daoyan like "%jing";
+----------+------+--------+-------+
| name     | year | daoyan | grade |
+----------+------+--------+-------+
| zhanlang | 2017 | wujing |     9 |
+----------+------+--------+-------+
1 row in set (0.00 sec)

mysql> desc movies;
+--------+-------------+------+-----+---------+-------+
| Field  | Type        | Null | Key | Default | Extra |
+--------+-------------+------+-----+---------+-------+
| name   | varchar(20) | YES  |     | NULL    |       |
| year   | int(5)      | YES  |     | NULL    |       |
| daoyan | varchar(20) | YES  |     | NULL    |       |
| grade  | int(5)      | YES  |     | NULL    |       |
+--------+-------------+------+-----+---------+-------+
4 rows in set (0.00 sec)

mysql> select * from movies where year like "2018";
+-----------------+------+--------------+-------+
| name            | year | daoyan       | grade |
+-----------------+------+--------------+-------+
| yichuhaoxi      | 2018 | huangbo      |     8 |
| honghaixingdong | 2018 | lingchaoxian |     9 |
+-----------------+------+--------------+-------+
2 rows in set (0.00 sec)

mysql> select * from movies where grade>8;
+-----------------+------+--------------+-------+
| name            | year | daoyan       | grade |
+-----------------+------+--------------+-------+
| honghaixingdong | 2018 | lingchaoxian |     9 |
| zhanlang        | 2017 | wujing       |     9 |
+-----------------+------+--------------+-------+
2 rows in set (0.00 sec)